timestamp,sensor_id,value,unit
2025-06-07T21:47:53.071876,temp01,39.56,°C
2025-06-07T21:47:53.072879,hum01,19.7,%
2025-06-07T21:47:53.073877,press01,1020.75,hPa
2025-06-07T21:47:53.073877,light01,37.0,lx
2025-06-07T21:47:54.075519,temp01,40.04,°C
2025-06-07T21:47:54.075519,hum01,20.0,%
2025-06-07T21:47:54.076501,press01,1020.86,hPa
2025-06-07T21:47:54.077502,light01,40.0,lx
2025-06-07T21:47:55.078593,temp01,40.17,°C
2025-06-07T21:47:55.078593,hum01,20.4,%
2025-06-07T21:47:55.079584,press01,1020.99,hPa
2025-06-07T21:47:55.080592,light01,1.0,lx
2025-06-07T21:47:56.081346,temp01,40.05,°C
2025-06-07T21:47:56.083327,hum01,22.4,%
2025-06-07T21:47:56.084329,press01,1021.06,hPa
2025-06-07T21:47:56.084329,light01,4.0,lx
2025-06-07T21:47:57.085746,temp01,39.71,°C
2025-06-07T21:47:57.085746,hum01,22.8,%
2025-06-07T21:47:57.086745,press01,1021.2,hPa
2025-06-07T21:47:57.086745,light01,8.0,lx
2025-06-07T21:47:58.088667,temp01,39.67,°C
2025-06-07T21:47:58.088667,hum01,21.0,%
2025-06-07T21:47:58.089667,press01,1021.08,hPa
2025-06-07T21:47:58.089667,light01,46.0,lx
2025-06-07T21:47:59.091821,temp01,39.84,°C
2025-06-07T21:47:59.091821,hum01,20.9,%
2025-06-07T21:47:59.092798,press01,1021.05,hPa
2025-06-07T21:47:59.092798,light01,33.0,lx
2025-06-07T21:48:00.094755,temp01,39.39,°C
2025-06-07T21:48:00.094755,hum01,22.6,%
2025-06-07T21:48:00.095752,press01,1021.02,hPa
2025-06-07T21:48:00.096751,light01,49.0,lx
2025-06-07T21:48:01.097563,temp01,38.99,°C
2025-06-07T21:48:01.097563,hum01,20.7,%
2025-06-07T21:48:01.098553,press01,1020.84,hPa
2025-06-07T21:48:01.098553,light01,27.0,lx
2025-06-07T21:48:02.100154,temp01,38.69,°C
2025-06-07T21:48:02.100154,hum01,18.8,%
2025-06-07T21:48:02.101112,press01,1020.97,hPa
2025-06-07T21:48:02.101112,light01,9.0,lx
2025-06-07T21:48:03.103081,temp01,38.67,°C
2025-06-07T21:48:03.103081,hum01,17.4,%
2025-06-07T21:48:03.104059,press01,1021.07,hPa
2025-06-07T21:48:03.104059,light01,13.0,lx
2025-06-07T21:48:04.105534,temp01,38.68,°C
2025-06-07T21:48:04.105534,hum01,19.1,%
2025-06-07T21:48:04.106493,press01,1021.16,hPa
2025-06-07T21:48:04.106493,light01,19.0,lx
2025-06-07T21:48:05.108264,temp01,38.35,°C
2025-06-07T21:48:05.108264,hum01,20.8,%
2025-06-07T21:48:05.109257,press01,1021.04,hPa
2025-06-07T21:48:05.109257,light01,8.0,lx
2025-06-07T21:48:06.111422,temp01,38.51,°C
2025-06-07T21:48:06.111422,hum01,19.5,%
2025-06-07T21:48:06.112406,press01,1021.07,hPa
2025-06-07T21:48:06.112406,light01,5.0,lx
2025-06-07T21:48:07.114209,temp01,38.97,°C
2025-06-07T21:48:07.115210,hum01,17.8,%
2025-06-07T21:48:07.116207,press01,1020.94,hPa
2025-06-07T21:48:07.117207,light01,12.0,lx
2025-06-07T21:48:08.118347,temp01,38.93,°C
2025-06-07T21:48:08.118347,hum01,19.0,%
2025-06-07T21:48:08.119301,press01,1020.96,hPa
2025-06-07T21:48:08.119301,light01,29.0,lx
2025-06-07T21:48:09.121069,temp01,39.27,°C
2025-06-07T21:48:09.121069,hum01,19.4,%
2025-06-07T21:48:09.122024,press01,1020.77,hPa
2025-06-07T21:48:09.122024,light01,30.0,lx
2025-06-07T21:48:10.123928,temp01,39.27,°C
2025-06-07T21:48:10.123928,hum01,17.7,%
2025-06-07T21:48:10.124927,press01,1020.79,hPa
2025-06-07T21:48:10.124927,light01,30.0,lx
2025-06-07T21:48:11.126912,temp01,39.61,°C
2025-06-07T21:48:11.127913,hum01,17.7,%
2025-06-07T21:48:11.127913,press01,1020.95,hPa
2025-06-07T21:48:11.128911,light01,19.0,lx
2025-06-07T21:48:12.130639,temp01,39.27,°C
2025-06-07T21:48:12.130639,hum01,18.3,%
2025-06-07T21:48:12.131594,press01,1021.01,hPa
2025-06-07T21:48:12.131594,light01,30.0,lx
2025-06-07T21:48:13.133762,temp01,39.14,°C
2025-06-07T21:48:13.133762,hum01,18.9,%
2025-06-07T21:48:13.134698,press01,1020.9,hPa
2025-06-07T21:48:13.134698,light01,28.0,lx
2025-06-07T21:48:14.136843,temp01,38.93,°C
2025-06-07T21:48:14.136843,hum01,20.2,%
2025-06-07T21:48:14.137846,press01,1021.01,hPa
2025-06-07T21:48:14.137846,light01,4.0,lx
2025-06-07T21:48:15.139069,temp01,38.62,°C
2025-06-07T21:48:15.139069,hum01,20.6,%
2025-06-07T21:48:15.140027,press01,1020.96,hPa
2025-06-07T21:48:15.140027,light01,2.0,lx
2025-06-07T21:48:16.142307,temp01,38.92,°C
2025-06-07T21:48:16.645678,hum01,22.5,%
2025-06-07T21:48:16.645678,press01,1020.88,hPa
2025-06-07T21:48:16.645678,light01,7.0,lx
2025-06-07T21:48:17.647229,temp01,38.53,°C
2025-06-07T21:48:17.647229,hum01,21.1,%
2025-06-07T21:48:17.647229,press01,1020.78,hPa
2025-06-07T21:48:17.648185,light01,14.0,lx
2025-06-07T21:48:18.648983,temp01,38.64,°C
2025-06-07T21:48:18.648983,hum01,22.2,%
2025-06-07T21:48:18.648983,press01,1020.59,hPa
2025-06-07T21:48:18.649983,light01,11.0,lx
2025-06-07T21:48:19.650963,temp01,39.02,°C
2025-06-07T21:48:19.650963,hum01,22.0,%
2025-06-07T21:48:19.650963,press01,1020.75,hPa
2025-06-07T21:48:19.651961,light01,17.0,lx
2025-06-07T21:48:20.652581,temp01,38.64,°C
2025-06-07T21:48:20.652581,hum01,23.9,%
2025-06-07T21:48:20.652581,press01,1020.58,hPa
2025-06-07T21:48:20.653579,light01,18.0,lx
2025-06-07T21:48:53.974485,temp01,32.31,°C
2025-06-07T21:48:53.975484,hum01,96.1,%
2025-06-07T21:48:53.975484,press01,951.42,hPa
2025-06-07T21:48:53.976484,light01,12.0,lx
2025-06-07T21:48:54.977070,temp01,32.07,°C
2025-06-07T21:48:54.977070,hum01,95.4,%
2025-06-07T21:48:54.978025,press01,951.52,hPa
2025-06-07T21:48:54.978025,light01,29.0,lx
2025-06-07T21:48:55.980022,temp01,31.95,°C
2025-06-07T21:48:55.980022,hum01,94.4,%
2025-06-07T21:48:55.980976,press01,951.52,hPa
2025-06-07T21:48:55.980976,light01,24.0,lx
2025-06-07T21:48:56.982365,temp01,32.35,°C
2025-06-07T21:48:56.982365,hum01,93.2,%
2025-06-07T21:48:56.983300,press01,951.67,hPa
2025-06-07T21:48:56.983300,light01,40.0,lx
2025-06-07T21:48:57.984889,temp01,32.49,°C
2025-06-07T21:48:57.984889,hum01,91.6,%
2025-06-07T21:48:57.985824,press01,951.85,hPa
2025-06-07T21:48:57.985824,light01,25.0,lx
2025-06-07T21:48:58.987608,temp01,32.6,°C
2025-06-07T21:48:58.987608,hum01,92.8,%
2025-06-07T21:48:58.988562,press01,951.66,hPa
2025-06-07T21:48:58.988562,light01,9.0,lx
2025-06-07T21:48:59.990280,temp01,32.18,°C
2025-06-07T21:48:59.990280,hum01,91.1,%
2025-06-07T21:48:59.991262,press01,951.47,hPa
2025-06-07T21:48:59.991262,light01,34.0,lx
2025-06-07T21:49:00.993000,temp01,32.36,°C
2025-06-07T21:49:00.993000,hum01,89.6,%
2025-06-07T21:49:00.993955,press01,951.52,hPa
2025-06-07T21:49:00.993955,light01,41.0,lx
2025-06-07T21:49:01.995733,temp01,32.44,°C
2025-06-07T21:49:01.995733,hum01,90.9,%
2025-06-07T21:49:01.996688,press01,951.61,hPa
2025-06-07T21:49:01.996688,light01,17.0,lx
2025-06-07T21:49:02.998294,temp01,32.51,°C
2025-06-07T21:49:02.998294,hum01,92.7,%
2025-06-07T21:49:02.999234,press01,951.58,hPa
2025-06-07T21:49:02.999234,light01,43.0,lx
2025-06-07T21:49:04.000597,temp01,32.26,°C
2025-06-07T21:49:04.000597,hum01,94.2,%
2025-06-07T21:49:04.001522,press01,951.71,hPa
2025-06-07T21:49:04.001522,light01,22.0,lx
2025-06-07T21:49:05.003605,temp01,32.5,°C
2025-06-07T21:49:05.003605,hum01,95.9,%
2025-06-07T21:49:05.004539,press01,951.53,hPa
2025-06-07T21:49:05.004539,light01,44.0,lx
2025-06-07T21:49:06.005891,temp01,32.57,°C
2025-06-07T21:49:06.005891,hum01,94.4,%
2025-06-07T21:49:06.006813,press01,951.58,hPa
2025-06-07T21:49:06.006813,light01,46.0,lx
2025-06-07T21:49:07.008450,temp01,32.22,°C
2025-06-07T21:49:07.008450,hum01,93.0,%
2025-06-07T21:49:07.009406,press01,951.4,hPa
2025-06-07T21:49:07.009406,light01,33.0,lx
2025-06-07T21:49:08.011652,temp01,32.65,°C
2025-06-07T21:49:08.011652,hum01,93.6,%
2025-06-07T21:49:08.012652,press01,951.42,hPa
2025-06-07T21:49:08.013650,light01,13.0,lx
2025-06-07T21:49:09.014392,temp01,32.51,°C
2025-06-07T21:49:09.014392,hum01,94.1,%
2025-06-07T21:49:09.015345,press01,951.27,hPa
2025-06-07T21:49:09.015345,light01,23.0,lx
2025-06-07T21:49:10.017396,temp01,32.95,°C
2025-06-07T21:49:10.017396,hum01,93.2,%
2025-06-07T21:49:10.018349,press01,951.08,hPa
2025-06-07T21:49:10.018349,light01,50.0,lx
2025-06-07T21:49:11.019789,temp01,32.75,°C
2025-06-07T21:49:11.019789,hum01,93.7,%
2025-06-07T21:49:11.020789,press01,950.92,hPa
2025-06-07T21:49:11.020789,light01,40.0,lx
2025-06-07T21:49:12.022876,temp01,32.8,°C
2025-06-07T21:49:12.523920,hum01,92.4,%
2025-06-07T21:49:12.523920,press01,950.82,hPa
2025-06-07T21:49:12.524929,light01,21.0,lx
2025-06-07T21:55:13.210240,temp01,0.0,°C
2025-06-07T21:55:13.211198,hum01,44.4,%
2025-06-07T21:55:13.212182,press01,986.72,hPa
2025-06-07T21:55:13.212182,light01,3.0,lx
2025-06-07T21:55:14.213450,temp01,0.5,°C
2025-06-07T21:55:14.213450,hum01,43.5,%
2025-06-07T21:55:14.214691,press01,986.77,hPa
2025-06-07T21:55:14.214691,light01,9.0,lx
2025-06-07T21:55:15.215714,temp01,0.92,°C
2025-06-07T21:55:15.215714,hum01,45.4,%
2025-06-07T21:55:15.216713,press01,986.74,hPa
2025-06-07T21:55:15.216713,light01,4.0,lx
2025-06-07T21:55:16.218007,temp01,1.16,°C
2025-06-07T21:55:16.218007,hum01,43.5,%
2025-06-07T21:55:16.218989,press01,986.69,hPa
2025-06-07T21:55:16.218989,light01,20.0,lx
2025-06-07T21:55:17.220880,temp01,1.31,°C
2025-06-07T21:55:17.220880,hum01,42.8,%
2025-06-07T21:55:17.221838,press01,986.64,hPa
2025-06-07T21:55:17.221838,light01,12.0,lx
2025-06-07T21:55:18.223217,temp01,0.85,°C
2025-06-07T21:55:18.224156,hum01,42.0,%
2025-06-07T21:55:18.224156,press01,986.72,hPa
2025-06-07T21:55:18.225169,light01,2.0,lx
2025-06-07T21:55:19.226192,temp01,1.23,°C
2025-06-07T21:55:19.226192,hum01,41.1,%
2025-06-07T21:55:19.227145,press01,986.69,hPa
2025-06-07T21:55:19.227145,light01,49.0,lx
2025-06-07T21:55:20.228867,temp01,1.36,°C
2025-06-07T21:55:20.228867,hum01,42.8,%
2025-06-07T21:55:20.229867,press01,986.7,hPa
2025-06-07T21:55:20.229867,light01,2.0,lx
2025-06-07T21:55:21.231481,temp01,1.37,°C
2025-06-07T21:55:21.231481,hum01,42.2,%
2025-06-07T21:55:21.232416,press01,986.81,hPa
2025-06-07T21:55:21.232416,light01,9.0,lx
2025-06-07T21:55:22.234249,temp01,1.38,°C
2025-06-07T21:55:22.234249,hum01,42.0,%
2025-06-07T21:55:22.235206,press01,986.93,hPa
2025-06-07T21:55:22.235206,light01,28.0,lx
2025-06-07T21:55:23.236733,temp01,1.65,°C
2025-06-07T21:55:23.236733,hum01,41.7,%
2025-06-07T21:55:23.237711,press01,986.9,hPa
2025-06-07T21:55:23.237711,light01,5.0,lx
2025-06-07T21:55:24.239396,temp01,1.37,°C
2025-06-07T21:55:24.239396,hum01,41.3,%
2025-06-07T21:55:24.240352,press01,986.82,hPa
2025-06-07T21:55:24.240352,light01,39.0,lx
2025-06-07T21:55:25.242237,temp01,1.36,°C
2025-06-07T21:55:25.242237,hum01,40.0,%
2025-06-07T21:55:25.243237,press01,986.69,hPa
2025-06-07T21:55:25.243237,light01,5.0,lx
2025-06-07T21:55:26.244964,temp01,1.01,°C
2025-06-07T21:55:26.244964,hum01,41.0,%
2025-06-07T21:55:26.245964,press01,986.58,hPa
2025-06-07T21:55:26.246964,light01,43.0,lx
2025-06-07T22:00:10.144862,temp01,34.46,°C
2025-06-07T22:00:10.146844,hum01,28.5,%
2025-06-07T22:00:10.146844,press01,983.77,hPa
2025-06-07T22:00:10.147844,light01,45.0,lx
2025-06-07T22:00:11.148713,temp01,34.44,°C
2025-06-07T22:00:11.148713,hum01,30.0,%
2025-06-07T22:00:11.149666,press01,983.85,hPa
2025-06-07T22:00:11.149666,light01,28.0,lx
2025-06-07T22:00:12.151042,temp01,34.78,°C
2025-06-07T22:00:12.151042,hum01,29.0,%
2025-06-07T22:00:12.151998,press01,983.9,hPa
2025-06-07T22:00:12.151998,light01,47.0,lx
2025-06-07T22:00:13.153262,temp01,34.84,°C
2025-06-07T22:00:13.153262,hum01,28.6,%
2025-06-07T22:00:13.154214,press01,983.84,hPa
2025-06-07T22:00:13.154214,light01,21.0,lx
2025-06-07T22:00:14.155847,temp01,34.44,°C
2025-06-07T22:00:14.155847,hum01,29.7,%
2025-06-07T22:00:14.156846,press01,983.8,hPa
2025-06-07T22:00:14.156846,light01,19.0,lx
2025-06-07T22:00:15.158239,temp01,34.77,°C
2025-06-07T22:00:15.158239,hum01,28.4,%
2025-06-07T22:00:15.159197,press01,983.7,hPa
2025-06-07T22:00:15.159197,light01,50.0,lx
2025-06-07T22:00:16.161104,temp01,35.1,°C
2025-06-07T22:00:16.161104,hum01,26.5,%
2025-06-07T22:00:16.162057,press01,983.89,hPa
2025-06-07T22:00:16.162057,light01,16.0,lx
2025-06-07T22:00:17.163184,temp01,34.67,°C
2025-06-07T22:00:17.163184,hum01,24.5,%
2025-06-07T22:00:17.164176,press01,983.72,hPa
2025-06-07T22:00:17.164176,light01,23.0,lx
2025-06-07T22:00:18.165518,temp01,35.13,°C
2025-06-07T22:00:18.165518,hum01,24.2,%
2025-06-07T22:00:18.166518,press01,983.67,hPa
2025-06-07T22:00:18.166518,light01,43.0,lx
2025-06-07T22:00:19.167678,temp01,35.26,°C
2025-06-07T22:00:19.167678,hum01,22.9,%
2025-06-07T22:00:19.168631,press01,983.51,hPa
2025-06-07T22:00:19.168631,light01,3.0,lx
2025-06-07T22:00:20.170168,temp01,34.89,°C
2025-06-07T22:00:20.170168,hum01,21.1,%
2025-06-07T22:00:20.171167,press01,983.65,hPa
2025-06-07T22:00:20.171167,light01,13.0,lx
2025-06-07T22:00:21.172372,temp01,34.46,°C
2025-06-07T22:00:21.172372,hum01,22.8,%
2025-06-07T22:00:21.173371,press01,983.77,hPa
2025-06-07T22:00:21.173371,light01,29.0,lx
2025-06-07T22:00:22.174988,temp01,34.09,°C
2025-06-07T22:00:22.174988,hum01,23.6,%
2025-06-07T22:00:22.175927,press01,983.72,hPa
2025-06-07T22:00:22.175927,light01,34.0,lx
2025-06-07T22:00:23.177161,temp01,34.31,°C
2025-06-07T22:00:23.177161,hum01,25.0,%
2025-06-07T22:00:23.178100,press01,983.68,hPa
2025-06-07T22:00:23.178100,light01,48.0,lx
2025-06-07T22:00:24.179314,temp01,33.83,°C
2025-06-07T22:00:24.179314,hum01,24.5,%
2025-06-07T22:00:24.180303,press01,983.74,hPa
2025-06-07T22:00:24.180303,light01,28.0,lx
2025-06-07T22:00:25.181530,temp01,34.11,°C
2025-06-07T22:00:25.181530,hum01,26.2,%
2025-06-07T22:00:25.182532,press01,983.55,hPa
2025-06-07T22:00:25.182532,light01,16.0,lx
2025-06-07T22:00:26.184164,temp01,33.96,°C
2025-06-07T22:00:26.184164,hum01,27.4,%
2025-06-07T22:00:26.185164,press01,983.74,hPa
2025-06-07T22:00:26.185164,light01,18.0,lx
2025-06-07T22:00:27.187292,temp01,34.31,°C
2025-06-07T22:00:27.187292,hum01,28.1,%
2025-06-07T22:00:27.188297,press01,983.84,hPa
2025-06-07T22:00:27.188297,light01,15.0,lx
2025-06-07T22:00:28.189866,temp01,34.74,°C
2025-06-07T22:00:28.189866,hum01,27.2,%
2025-06-07T22:00:28.190804,press01,983.79,hPa
2025-06-07T22:00:28.190804,light01,35.0,lx
2025-06-07T22:00:29.192806,temp01,34.33,°C
2025-06-07T22:00:29.192806,hum01,26.8,%
2025-06-07T22:00:29.193820,press01,983.91,hPa
2025-06-07T22:00:29.193820,light01,45.0,lx
2025-06-07T22:00:30.195193,temp01,34.64,°C
2025-06-07T22:00:30.195193,hum01,26.9,%
2025-06-07T22:00:30.196134,press01,983.79,hPa
2025-06-07T22:00:30.196134,light01,37.0,lx
2025-06-07T22:00:31.197403,temp01,34.92,°C
2025-06-07T22:00:31.198412,hum01,25.3,%
2025-06-07T22:00:31.199397,press01,983.73,hPa
2025-06-07T22:00:31.199397,light01,28.0,lx
2025-06-07T22:00:32.202760,temp01,34.67,°C
2025-06-07T22:00:32.202760,hum01,23.5,%
2025-06-07T22:00:32.203758,press01,983.82,hPa
2025-06-07T22:00:32.203758,light01,7.0,lx
2025-06-07T22:00:33.205437,temp01,34.33,°C
2025-06-07T22:00:33.205437,hum01,21.7,%
2025-06-07T22:00:33.206436,press01,983.65,hPa
2025-06-07T22:00:33.207439,light01,38.0,lx
2025-06-07T22:00:34.208601,temp01,34.59,°C
2025-06-07T22:00:34.208601,hum01,22.0,%
2025-06-07T22:00:34.209600,press01,983.6,hPa
2025-06-07T22:00:34.209600,light01,44.0,lx
2025-06-07T22:00:35.211066,temp01,34.97,°C
2025-06-07T22:00:35.212047,hum01,20.3,%
2025-06-07T22:00:35.212047,press01,983.59,hPa
2025-06-07T22:00:35.214054,light01,45.0,lx
2025-06-07T22:00:36.214791,temp01,35.43,°C
2025-06-07T22:00:36.214791,hum01,20.8,%
2025-06-07T22:00:36.215794,press01,983.44,hPa
2025-06-07T22:00:36.215794,light01,48.0,lx
2025-06-07T22:00:37.218067,temp01,35.46,°C
2025-06-07T22:00:37.218067,hum01,18.9,%
2025-06-07T22:00:37.219078,press01,983.45,hPa
2025-06-07T22:00:37.219078,light01,17.0,lx
2025-06-07T22:00:38.220259,temp01,35.76,°C
2025-06-07T22:00:38.220259,hum01,19.8,%
2025-06-07T22:00:38.221241,press01,983.45,hPa
2025-06-07T22:00:38.221241,light01,13.0,lx
2025-06-07T22:00:39.222765,temp01,35.95,°C
2025-06-07T22:00:39.223750,hum01,20.2,%
2025-06-07T22:00:39.223750,press01,983.48,hPa
2025-06-07T22:00:39.224749,light01,15.0,lx
2025-06-07T22:00:40.225929,temp01,35.92,°C
2025-06-07T22:00:40.225929,hum01,19.0,%
2025-06-07T22:00:40.226911,press01,983.32,hPa
2025-06-07T22:00:40.227909,light01,41.0,lx
2025-06-07T22:00:41.228683,temp01,35.84,°C
2025-06-07T22:00:41.228683,hum01,18.9,%
2025-06-07T22:00:41.229701,press01,983.45,hPa
2025-06-07T22:00:41.229701,light01,38.0,lx
2025-06-07T22:00:42.231288,temp01,35.76,°C
2025-06-07T22:00:42.231288,hum01,17.5,%
2025-06-07T22:00:42.232287,press01,983.49,hPa
2025-06-07T22:00:42.232287,light01,31.0,lx
2025-06-07T22:00:43.234258,temp01,35.74,°C
2025-06-07T22:00:43.234258,hum01,17.4,%
2025-06-07T22:00:43.235212,press01,983.41,hPa
2025-06-07T22:00:43.235212,light01,25.0,lx
2025-06-07T22:00:44.236265,temp01,35.36,°C
2025-06-07T22:00:44.236265,hum01,15.9,%
2025-06-07T22:00:44.237259,press01,983.26,hPa
2025-06-07T22:00:44.237259,light01,33.0,lx
2025-06-07T22:00:45.239277,temp01,35.56,°C
2025-06-07T22:00:45.239277,hum01,16.3,%
2025-06-07T22:00:45.240263,press01,983.35,hPa
2025-06-07T22:00:45.240263,light01,12.0,lx
2025-06-07T22:00:46.241789,temp01,35.66,°C
2025-06-07T22:00:46.241789,hum01,16.5,%
2025-06-07T22:00:46.242746,press01,983.3,hPa
2025-06-07T22:00:46.242746,light01,33.0,lx
2025-06-07T22:00:47.243847,temp01,35.17,°C
2025-06-07T22:00:47.243847,hum01,15.0,%
2025-06-07T22:00:47.244846,press01,983.47,hPa
2025-06-07T22:00:47.244846,light01,15.0,lx
2025-06-07T22:00:48.245974,temp01,34.97,°C
2025-06-07T22:00:48.245974,hum01,15.2,%
2025-06-07T22:00:48.246978,press01,983.65,hPa
2025-06-07T22:00:48.246978,light01,14.0,lx
2025-06-07T22:00:49.248701,temp01,34.67,°C
2025-06-07T22:00:49.248701,hum01,14.1,%
2025-06-07T22:00:49.249689,press01,983.61,hPa
2025-06-07T22:00:49.249689,light01,30.0,lx
2025-06-07T22:00:50.251255,temp01,34.64,°C
2025-06-07T22:00:50.251255,hum01,14.3,%
2025-06-07T22:00:50.252182,press01,983.59,hPa
2025-06-07T22:00:50.252182,light01,6.0,lx
2025-06-07T22:00:51.253438,temp01,34.6,°C
2025-06-07T22:00:51.253438,hum01,13.8,%
2025-06-07T22:00:51.254376,press01,983.77,hPa
2025-06-07T22:00:51.254376,light01,32.0,lx
2025-06-07T22:00:52.255692,temp01,34.99,°C
2025-06-07T22:00:52.255692,hum01,15.0,%
2025-06-07T22:00:52.256649,press01,983.76,hPa
2025-06-07T22:00:52.256649,light01,17.0,lx
2025-06-07T22:00:53.258316,temp01,34.54,°C
2025-06-07T22:00:53.258316,hum01,13.9,%
2025-06-07T22:00:53.259308,press01,983.72,hPa
2025-06-07T22:00:53.259308,light01,50.0,lx
2025-06-07T22:00:54.260412,temp01,34.22,°C
2025-06-07T22:00:54.260412,hum01,12.5,%
2025-06-07T22:00:54.261415,press01,983.8,hPa
2025-06-07T22:00:54.261415,light01,36.0,lx
2025-06-07T22:00:55.262830,temp01,33.96,°C
2025-06-07T22:00:55.262830,hum01,12.4,%
2025-06-07T22:00:55.263825,press01,983.6,hPa
2025-06-07T22:00:55.263825,light01,19.0,lx
2025-06-07T22:00:56.264991,temp01,33.53,°C
2025-06-07T22:00:56.264991,hum01,11.4,%
2025-06-07T22:00:56.265956,press01,983.65,hPa
2025-06-07T22:00:56.265956,light01,28.0,lx
2025-06-07T22:00:57.267184,temp01,33.24,°C
2025-06-07T22:00:57.267184,hum01,12.8,%
2025-06-07T22:00:57.268183,press01,983.55,hPa
2025-06-07T22:00:57.269183,light01,39.0,lx
2025-06-07T22:00:58.270023,temp01,33.23,°C
2025-06-07T22:00:58.270023,hum01,11.8,%
2025-06-07T22:00:58.270962,press01,983.59,hPa
2025-06-07T22:00:58.270962,light01,27.0,lx
2025-06-07T22:00:59.272720,temp01,33.09,°C
2025-06-07T22:00:59.272720,hum01,11.6,%
2025-06-07T22:00:59.273678,press01,983.78,hPa
2025-06-07T22:00:59.273678,light01,39.0,lx
2025-06-07T22:01:00.275094,temp01,33.05,°C
2025-06-07T22:01:00.275094,hum01,9.6,%
2025-06-07T22:01:00.276050,press01,983.67,hPa
2025-06-07T22:01:00.276050,light01,26.0,lx
2025-06-07T22:01:01.277620,temp01,33.37,°C
2025-06-07T22:01:01.277620,hum01,9.7,%
2025-06-07T22:01:01.278577,press01,983.79,hPa
2025-06-07T22:01:01.278577,light01,17.0,lx
2025-06-07T22:01:02.280486,temp01,33.05,°C
2025-06-07T22:01:02.280486,hum01,9.9,%
2025-06-07T22:01:02.281442,press01,983.86,hPa
2025-06-07T22:01:02.281442,light01,32.0,lx
2025-06-07T22:01:03.283395,temp01,32.62,°C
2025-06-07T22:01:03.283395,hum01,11.0,%
2025-06-07T22:01:03.284397,press01,983.75,hPa
2025-06-07T22:01:03.284397,light01,9.0,lx
2025-06-07T22:01:04.285572,temp01,32.91,°C
2025-06-07T22:01:04.285572,hum01,9.8,%
2025-06-07T22:01:04.286571,press01,983.59,hPa
2025-06-07T22:01:04.286571,light01,29.0,lx
2025-06-07T22:01:05.288358,temp01,32.96,°C
2025-06-07T22:01:05.288358,hum01,10.5,%
2025-06-07T22:01:05.289297,press01,983.56,hPa
2025-06-07T22:01:05.290310,light01,39.0,lx
2025-06-07T22:01:06.291664,temp01,32.87,°C
2025-06-07T22:01:06.291664,hum01,12.1,%
2025-06-07T22:01:06.292600,press01,983.56,hPa
2025-06-07T22:01:06.292600,light01,14.0,lx
2025-06-07T22:01:07.293734,temp01,32.51,°C
2025-06-07T22:01:07.293734,hum01,13.5,%
2025-06-07T22:01:07.294673,press01,983.56,hPa
2025-06-07T22:01:07.294673,light01,44.0,lx
2025-06-07T22:01:08.295739,temp01,32.16,°C
2025-06-07T22:01:08.295739,hum01,11.8,%
2025-06-07T22:01:08.296730,press01,983.49,hPa
2025-06-07T22:01:08.296730,light01,22.0,lx
2025-06-07T22:01:09.297679,temp01,32.62,°C
2025-06-07T22:01:09.297679,hum01,13.6,%
2025-06-07T22:01:09.298699,press01,983.52,hPa
2025-06-07T22:01:09.298699,light01,26.0,lx
2025-06-07T22:01:10.300614,temp01,32.31,°C
2025-06-07T22:01:10.300614,hum01,13.6,%
2025-06-07T22:01:10.301551,press01,983.45,hPa
2025-06-07T22:01:10.301551,light01,18.0,lx
2025-06-07T22:01:11.303252,temp01,32.37,°C
2025-06-07T22:01:11.303252,hum01,13.0,%
2025-06-07T22:01:11.304208,press01,983.52,hPa
2025-06-07T22:01:11.304208,light01,13.0,lx
2025-06-07T22:01:12.305327,temp01,32.31,°C
2025-06-07T22:01:12.305327,hum01,13.4,%
2025-06-07T22:01:12.306329,press01,983.38,hPa
2025-06-07T22:01:12.306329,light01,4.0,lx
2025-06-07T22:01:13.307792,temp01,32.65,°C
2025-06-07T22:01:13.307792,hum01,11.5,%
2025-06-07T22:01:13.308748,press01,983.3,hPa
2025-06-07T22:01:13.308748,light01,35.0,lx
2025-06-07T22:01:14.310310,temp01,33.07,°C
2025-06-07T22:01:14.310310,hum01,9.8,%
2025-06-07T22:01:14.311311,press01,983.43,hPa
2025-06-07T22:01:14.311311,light01,43.0,lx
2025-06-07T22:01:15.313104,temp01,33.09,°C
2025-06-07T22:01:15.313104,hum01,10.7,%
2025-06-07T22:01:15.314058,press01,983.37,hPa
2025-06-07T22:01:15.314058,light01,37.0,lx
2025-06-07T22:01:16.315179,temp01,32.88,°C
2025-06-07T22:01:16.315179,hum01,12.6,%
2025-06-07T22:01:16.316178,press01,983.26,hPa
2025-06-07T22:01:16.316178,light01,4.0,lx
2025-06-07T22:01:17.317559,temp01,32.87,°C
2025-06-07T22:01:17.317559,hum01,12.7,%
2025-06-07T22:01:17.318513,press01,983.1,hPa
2025-06-07T22:01:17.318513,light01,43.0,lx
2025-06-07T22:01:18.320491,temp01,33.35,°C
2025-06-07T22:01:18.320491,hum01,12.5,%
2025-06-07T22:01:18.321490,press01,982.95,hPa
2025-06-07T22:01:18.321490,light01,38.0,lx
2025-06-07T22:01:19.323038,temp01,33.76,°C
2025-06-07T22:01:19.323038,hum01,14.2,%
2025-06-07T22:01:19.324040,press01,982.88,hPa
2025-06-07T22:01:19.324040,light01,15.0,lx
2025-06-07T22:01:20.325436,temp01,34.21,°C
2025-06-07T22:01:20.325436,hum01,14.1,%
2025-06-07T22:01:20.326435,press01,982.86,hPa
2025-06-07T22:01:20.326435,light01,2.0,lx
2025-06-07T22:01:21.328295,temp01,33.75,°C
2025-06-07T22:01:21.328295,hum01,12.1,%
2025-06-07T22:01:21.329292,press01,982.74,hPa
2025-06-07T22:01:21.329292,light01,34.0,lx
2025-06-07T22:01:22.330796,temp01,33.36,°C
2025-06-07T22:01:22.330796,hum01,12.7,%
2025-06-07T22:01:22.331795,press01,982.61,hPa
2025-06-07T22:01:22.332778,light01,22.0,lx
2025-06-07T22:01:23.333235,temp01,33.4,°C
2025-06-07T22:01:23.333235,hum01,13.7,%
2025-06-07T22:01:23.334206,press01,982.65,hPa
2025-06-07T22:01:23.334206,light01,7.0,lx
2025-06-07T22:01:24.335196,temp01,33.56,°C
2025-06-07T22:01:24.335196,hum01,14.0,%
2025-06-07T22:01:24.336194,press01,982.74,hPa
2025-06-07T22:01:24.337195,light01,13.0,lx
2025-06-07T22:01:25.338028,temp01,33.5,°C
2025-06-07T22:01:25.338028,hum01,12.3,%
2025-06-07T22:01:25.339051,press01,982.75,hPa
2025-06-07T22:01:25.339051,light01,6.0,lx
2025-06-07T22:01:26.340171,temp01,33.74,°C
2025-06-07T22:01:26.341162,hum01,14.0,%
2025-06-07T22:01:26.342161,press01,982.84,hPa
2025-06-07T22:01:26.342161,light01,48.0,lx
2025-06-07T22:01:27.343384,temp01,34.17,°C
2025-06-07T22:01:27.343384,hum01,13.6,%
2025-06-07T22:01:27.344386,press01,982.68,hPa
2025-06-07T22:01:27.345388,light01,28.0,lx
2025-06-07T22:01:28.347212,temp01,34.14,°C
2025-06-07T22:01:28.348211,hum01,12.4,%
2025-06-07T22:01:28.349210,press01,982.79,hPa
2025-06-07T22:01:28.349210,light01,5.0,lx
2025-06-07T22:01:29.351059,temp01,34.46,°C
2025-06-07T22:01:29.351059,hum01,13.8,%
2025-06-07T22:01:29.352015,press01,982.97,hPa
2025-06-07T22:01:29.352015,light01,5.0,lx
2025-06-07T22:01:30.353076,temp01,34.04,°C
2025-06-07T22:01:30.353076,hum01,14.8,%
2025-06-07T22:01:30.354096,press01,982.85,hPa
2025-06-07T22:01:30.354096,light01,12.0,lx
2025-06-07T22:01:31.354995,temp01,33.64,°C
2025-06-07T22:01:31.354995,hum01,16.4,%
2025-06-07T22:01:31.355978,press01,982.72,hPa
2025-06-07T22:01:31.356978,light01,38.0,lx
2025-06-07T22:01:32.357412,temp01,33.89,°C
2025-06-07T22:01:32.357412,hum01,17.0,%
2025-06-07T22:01:32.358416,press01,982.73,hPa
2025-06-07T22:01:32.358416,light01,41.0,lx
2025-06-07T22:01:33.360023,temp01,33.91,°C
2025-06-07T22:01:33.360023,hum01,18.2,%
2025-06-07T22:01:33.361005,press01,982.91,hPa
2025-06-07T22:01:33.361005,light01,1.0,lx
2025-06-07T22:01:34.362318,temp01,33.68,°C
2025-06-07T22:01:34.362318,hum01,18.7,%
2025-06-07T22:01:34.363326,press01,983.09,hPa
2025-06-07T22:01:34.364327,light01,42.0,lx
2025-06-07T22:01:35.365204,temp01,33.65,°C
2025-06-07T22:01:35.366204,hum01,20.7,%
2025-06-07T22:01:35.367184,press01,983.29,hPa
2025-06-07T22:01:35.368202,light01,32.0,lx
2025-06-07T22:01:36.369687,temp01,34.08,°C
2025-06-07T22:01:36.370669,hum01,19.9,%
2025-06-07T22:01:36.370669,press01,983.14,hPa
2025-06-07T22:01:36.371668,light01,20.0,lx
2025-06-07T22:01:37.372264,temp01,34.11,°C
2025-06-07T22:01:37.372264,hum01,18.4,%
2025-06-07T22:01:37.373249,press01,983.24,hPa
2025-06-07T22:01:37.374248,light01,24.0,lx
2025-06-07T22:01:38.375235,temp01,34.34,°C
2025-06-07T22:01:38.375235,hum01,17.1,%
2025-06-07T22:01:38.376194,press01,983.33,hPa
2025-06-07T22:01:38.376194,light01,39.0,lx
2025-06-07T22:01:39.377577,temp01,34.27,°C
2025-06-07T22:01:39.377577,hum01,15.4,%
2025-06-07T22:01:39.378577,press01,983.38,hPa
2025-06-07T22:01:39.379576,light01,18.0,lx
2025-06-07T22:01:40.380340,temp01,33.8,°C
2025-06-07T22:01:40.380340,hum01,13.6,%
2025-06-07T22:01:40.381338,press01,983.48,hPa
2025-06-07T22:01:40.381338,light01,18.0,lx
2025-06-07T22:01:41.383143,temp01,33.64,°C
2025-06-07T22:01:41.383143,hum01,13.0,%
2025-06-07T22:01:41.384096,press01,983.46,hPa
2025-06-07T22:01:41.384096,light01,30.0,lx
2025-06-07T22:01:42.385778,temp01,33.56,°C
2025-06-07T22:01:42.385778,hum01,12.7,%
2025-06-07T22:01:42.386728,press01,983.34,hPa
2025-06-07T22:01:42.386728,light01,14.0,lx
2025-06-07T22:01:43.387962,temp01,33.68,°C
2025-06-07T22:01:43.387962,hum01,14.7,%
2025-06-07T22:01:43.388917,press01,983.51,hPa
2025-06-07T22:01:43.388917,light01,25.0,lx
2025-06-07T22:01:44.390494,temp01,33.96,°C
2025-06-07T22:01:44.390494,hum01,15.7,%
2025-06-07T22:01:44.391429,press01,983.62,hPa
2025-06-07T22:01:44.391429,light01,35.0,lx
2025-06-07T22:01:45.393224,temp01,34.32,°C
2025-06-07T22:01:45.393224,hum01,14.0,%
2025-06-07T22:01:45.394164,press01,983.75,hPa
2025-06-07T22:01:45.394164,light01,26.0,lx
2025-06-07T22:01:46.395260,temp01,34.32,°C
2025-06-07T22:01:46.395260,hum01,12.5,%
2025-06-07T22:01:46.396260,press01,983.57,hPa
2025-06-07T22:01:46.396260,light01,20.0,lx
2025-06-07T22:01:47.397270,temp01,34.76,°C
2025-06-07T22:01:47.397270,hum01,11.9,%
2025-06-07T22:01:47.398223,press01,983.55,hPa
2025-06-07T22:01:47.398223,light01,24.0,lx
2025-06-07T22:01:48.399414,temp01,34.52,°C
2025-06-07T22:01:48.399414,hum01,12.1,%
2025-06-07T22:01:48.400367,press01,983.69,hPa
2025-06-07T22:01:48.400367,light01,2.0,lx
2025-06-07T22:01:49.401692,temp01,34.25,°C
2025-06-07T22:01:49.401692,hum01,12.0,%
2025-06-07T22:01:49.402644,press01,983.72,hPa
2025-06-07T22:01:49.402644,light01,11.0,lx
2025-06-07T22:01:50.404633,temp01,34.09,°C
2025-06-07T22:01:50.404633,hum01,12.5,%
2025-06-07T22:01:50.405632,press01,983.64,hPa
2025-06-07T22:01:50.405632,light01,26.0,lx
2025-06-07T22:01:51.406862,temp01,33.73,°C
2025-06-07T22:01:51.407784,hum01,14.1,%
2025-06-07T22:01:51.407784,press01,983.52,hPa
2025-06-07T22:01:51.408782,light01,11.0,lx
2025-06-07T22:01:52.410037,temp01,33.81,°C
2025-06-07T22:01:52.410037,hum01,13.0,%
2025-06-07T22:01:52.410991,press01,983.66,hPa
2025-06-07T22:01:52.410991,light01,2.0,lx
2025-06-07T22:01:53.412650,temp01,33.98,°C
2025-06-07T22:01:53.412650,hum01,12.9,%
2025-06-07T22:01:53.413608,press01,983.64,hPa
2025-06-07T22:01:53.413608,light01,7.0,lx
2025-06-07T22:01:54.415479,temp01,33.75,°C
2025-06-07T22:01:54.415479,hum01,12.1,%
2025-06-07T22:01:54.416479,press01,983.72,hPa
2025-06-07T22:01:54.416479,light01,35.0,lx
2025-06-07T22:01:55.418775,temp01,33.32,°C
2025-06-07T22:01:55.418775,hum01,11.0,%
2025-06-07T22:01:55.419730,press01,983.75,hPa
2025-06-07T22:01:55.419730,light01,36.0,lx
2025-06-07T22:01:56.421309,temp01,33.34,°C
2025-06-07T22:01:56.421309,hum01,10.8,%
2025-06-07T22:01:56.422263,press01,983.94,hPa
2025-06-07T22:01:56.422263,light01,18.0,lx
2025-06-07T22:01:57.423595,temp01,33.08,°C
2025-06-07T22:01:57.423595,hum01,9.4,%
2025-06-07T22:01:57.424549,press01,984.08,hPa
2025-06-07T22:01:57.424549,light01,19.0,lx
2025-06-07T22:01:58.426260,temp01,32.74,°C
2025-06-07T22:01:58.426260,hum01,8.7,%
2025-06-07T22:01:58.427198,press01,984.17,hPa
2025-06-07T22:01:58.427198,light01,34.0,lx
2025-06-07T22:01:59.428863,temp01,32.89,°C
2025-06-07T22:01:59.428863,hum01,10.6,%
2025-06-07T22:01:59.429818,press01,984.05,hPa
2025-06-07T22:01:59.429818,light01,8.0,lx
2025-06-07T22:02:00.431575,temp01,32.91,°C
2025-06-07T22:02:00.431575,hum01,9.9,%
2025-06-07T22:02:00.432574,press01,984.03,hPa
2025-06-07T22:02:00.432574,light01,50.0,lx
2025-06-07T22:02:01.434124,temp01,32.67,°C
2025-06-07T22:02:01.434124,hum01,8.8,%
2025-06-07T22:02:01.435106,press01,983.9,hPa
2025-06-07T22:02:01.435106,light01,20.0,lx
2025-06-07T22:02:02.436711,temp01,32.35,°C
2025-06-07T22:02:02.437453,hum01,8.1,%
2025-06-07T22:02:02.437453,press01,983.96,hPa
2025-06-07T22:02:02.438465,light01,31.0,lx
2025-06-07T22:02:03.438784,temp01,31.89,°C
2025-06-07T22:02:03.438784,hum01,9.4,%
2025-06-07T22:02:03.439805,press01,983.98,hPa
2025-06-07T22:02:03.439805,light01,16.0,lx
2025-06-07T22:02:04.441092,temp01,32.0,°C
2025-06-07T22:02:04.441092,hum01,8.7,%
2025-06-07T22:02:04.442070,press01,984.1,hPa
2025-06-07T22:02:04.442070,light01,31.0,lx
2025-06-07T22:02:05.443884,temp01,32.0,°C
2025-06-07T22:02:05.443884,hum01,10.3,%
2025-06-07T22:02:05.444837,press01,984.11,hPa
2025-06-07T22:02:05.444837,light01,39.0,lx
2025-06-07T22:02:06.446333,temp01,31.59,°C
2025-06-07T22:02:06.446333,hum01,9.0,%
2025-06-07T22:02:06.447287,press01,983.97,hPa
2025-06-07T22:02:06.447287,light01,14.0,lx
2025-06-07T22:02:07.449129,temp01,32.01,°C
2025-06-07T22:02:07.449129,hum01,9.6,%
2025-06-07T22:02:07.450087,press01,983.96,hPa
2025-06-07T22:02:07.450087,light01,20.0,lx
2025-06-07T22:02:08.452017,temp01,32.45,°C
2025-06-07T22:02:08.452017,hum01,8.5,%
2025-06-07T22:02:08.452969,press01,983.9,hPa
2025-06-07T22:02:08.452969,light01,31.0,lx
2025-06-07T22:02:09.454502,temp01,32.34,°C
2025-06-07T22:02:09.455498,hum01,8.6,%
2025-06-07T22:02:09.455498,press01,983.85,hPa
2025-06-07T22:02:09.456497,light01,39.0,lx
2025-06-07T22:02:10.457149,temp01,32.58,°C
2025-06-07T22:02:10.457149,hum01,9.2,%
2025-06-07T22:02:10.458104,press01,983.78,hPa
2025-06-07T22:02:10.458104,light01,42.0,lx
2025-06-07T22:02:11.459270,temp01,32.3,°C
2025-06-07T22:02:11.459270,hum01,7.9,%
2025-06-07T22:02:11.460209,press01,983.74,hPa
2025-06-07T22:02:11.460209,light01,48.0,lx
2025-06-07T22:02:12.461325,temp01,32.53,°C
2025-06-07T22:02:12.461325,hum01,7.9,%
2025-06-07T22:02:12.462345,press01,983.63,hPa
2025-06-07T22:02:12.462345,light01,30.0,lx
2025-06-07T22:02:13.463514,temp01,32.6,°C
2025-06-07T22:02:13.463514,hum01,6.8,%
2025-06-07T22:02:13.464472,press01,983.6,hPa
2025-06-07T22:02:13.464472,light01,1.0,lx
2025-06-07T22:02:14.465948,temp01,32.91,°C
2025-06-07T22:02:14.465948,hum01,5.9,%
2025-06-07T22:02:14.466887,press01,983.52,hPa
2025-06-07T22:02:14.466887,light01,30.0,lx
2025-06-07T22:02:15.468543,temp01,32.6,°C
2025-06-07T22:02:15.468543,hum01,5.9,%
2025-06-07T22:02:15.469497,press01,983.53,hPa
2025-06-07T22:02:15.469497,light01,43.0,lx
2025-06-07T22:02:16.471346,temp01,32.29,°C
2025-06-07T22:02:16.471346,hum01,6.4,%
2025-06-07T22:02:16.472301,press01,983.5,hPa
2025-06-07T22:02:16.472301,light01,23.0,lx
2025-06-07T22:02:17.474149,temp01,32.14,°C
2025-06-07T22:02:17.474149,hum01,7.4,%
2025-06-07T22:02:17.475105,press01,983.33,hPa
2025-06-07T22:02:17.475105,light01,21.0,lx
2025-06-07T22:02:18.476435,temp01,31.95,°C
2025-06-07T22:02:18.476435,hum01,8.5,%
2025-06-07T22:02:18.477374,press01,983.37,hPa
2025-06-07T22:02:18.477374,light01,37.0,lx
2025-06-07T22:02:19.479034,temp01,31.53,°C
2025-06-07T22:02:19.479034,hum01,9.2,%
2025-06-07T22:02:19.479975,press01,983.41,hPa
2025-06-07T22:02:19.479975,light01,19.0,lx
2025-06-07T22:02:20.481335,temp01,31.26,°C
2025-06-07T22:02:20.481335,hum01,10.2,%
2025-06-07T22:02:20.482289,press01,983.4,hPa
2025-06-07T22:02:20.482289,light01,26.0,lx
2025-06-07T22:02:21.483450,temp01,31.73,°C
2025-06-07T22:02:21.483450,hum01,10.1,%
2025-06-07T22:02:21.484390,press01,983.51,hPa
2025-06-07T22:02:21.484390,light01,33.0,lx
2025-06-07T22:02:22.486395,temp01,32.22,°C
2025-06-07T22:02:22.486395,hum01,11.2,%
2025-06-07T22:02:22.487353,press01,983.64,hPa
2025-06-07T22:02:22.487353,light01,31.0,lx
2025-06-07T22:02:23.488334,temp01,32.35,°C
2025-06-07T22:02:23.488334,hum01,12.9,%
2025-06-07T22:02:23.489287,press01,983.59,hPa
2025-06-07T22:02:23.489287,light01,44.0,lx
2025-06-07T22:02:24.491249,temp01,32.46,°C
2025-06-07T22:02:24.492248,hum01,11.7,%
2025-06-07T22:02:24.492248,press01,983.4,hPa
2025-06-07T22:02:24.493248,light01,8.0,lx
2025-06-07T22:02:25.494810,temp01,32.35,°C
2025-06-07T22:02:25.495808,hum01,10.9,%
2025-06-07T22:02:25.496807,press01,983.29,hPa
2025-06-07T22:02:25.496807,light01,43.0,lx
2025-06-07T22:02:26.498435,temp01,32.36,°C
2025-06-07T22:02:26.498435,hum01,12.7,%
2025-06-07T22:02:26.499435,press01,983.12,hPa
2025-06-07T22:02:26.499435,light01,10.0,lx
2025-06-07T22:02:27.501379,temp01,32.03,°C
2025-06-07T22:02:27.501379,hum01,12.2,%
2025-06-07T22:02:27.502378,press01,983.28,hPa
2025-06-07T22:02:27.502378,light01,5.0,lx
2025-06-07T22:02:28.503621,temp01,31.79,°C
2025-06-07T22:02:28.503621,hum01,13.7,%
2025-06-07T22:02:28.504604,press01,983.43,hPa
2025-06-07T22:02:28.504604,light01,46.0,lx
2025-06-07T22:02:29.506127,temp01,31.71,°C
2025-06-07T22:02:29.506127,hum01,14.5,%
2025-06-07T22:02:29.507081,press01,983.57,hPa
2025-06-07T22:02:29.507081,light01,29.0,lx
2025-06-07T22:02:30.508711,temp01,31.5,°C
2025-06-07T22:02:30.508711,hum01,16.3,%
2025-06-07T22:02:30.509663,press01,983.4,hPa
2025-06-07T22:02:30.509663,light01,27.0,lx
2025-06-07T22:02:31.511085,temp01,31.68,°C
2025-06-07T22:02:31.511085,hum01,15.2,%
2025-06-07T22:02:31.512072,press01,983.5,hPa
2025-06-07T22:02:31.512072,light01,13.0,lx
2025-06-07T22:02:32.513064,temp01,31.54,°C
2025-06-07T22:02:32.513064,hum01,15.3,%
2025-06-07T22:02:32.514023,press01,983.51,hPa
2025-06-07T22:02:32.514023,light01,45.0,lx
2025-06-07T22:02:33.515726,temp01,31.69,°C
2025-06-07T22:02:33.515726,hum01,16.9,%
2025-06-07T22:02:33.516667,press01,983.68,hPa
2025-06-07T22:02:33.516667,light01,49.0,lx
2025-06-07T22:02:34.518195,temp01,31.49,°C
2025-06-07T22:02:34.518195,hum01,18.8,%
2025-06-07T22:02:34.519135,press01,983.53,hPa
2025-06-07T22:02:34.519135,light01,2.0,lx
2025-06-07T22:02:35.520809,temp01,31.01,°C
2025-06-07T22:02:35.520809,hum01,19.4,%
2025-06-07T22:02:35.521732,press01,983.68,hPa
2025-06-07T22:02:35.521732,light01,40.0,lx
2025-06-07T22:02:36.522979,temp01,31.37,°C
2025-06-07T22:02:36.522979,hum01,20.9,%
2025-06-07T22:02:36.523919,press01,983.48,hPa
2025-06-07T22:02:36.523919,light01,38.0,lx
2025-06-07T22:02:37.525517,temp01,31.49,°C
2025-06-07T22:02:37.525517,hum01,20.2,%
2025-06-07T22:02:37.526496,press01,983.61,hPa
2025-06-07T22:02:37.526496,light01,2.0,lx
2025-06-07T22:02:38.528373,temp01,31.52,°C
2025-06-07T22:02:38.528373,hum01,20.4,%
2025-06-07T22:02:38.529326,press01,983.75,hPa
2025-06-07T22:02:38.529326,light01,19.0,lx
2025-06-07T22:02:39.530807,temp01,31.66,°C
2025-06-07T22:02:39.530807,hum01,19.9,%
2025-06-07T22:02:39.531806,press01,983.8,hPa
2025-06-07T22:02:39.532804,light01,24.0,lx
2025-06-07T22:02:40.534153,temp01,31.82,°C
2025-06-07T22:02:40.534153,hum01,20.2,%
2025-06-07T22:02:40.535105,press01,983.94,hPa
2025-06-07T22:02:40.535105,light01,10.0,lx
2025-06-07T22:02:41.536898,temp01,31.44,°C
2025-06-07T22:02:41.536898,hum01,19.1,%
2025-06-07T22:02:41.537885,press01,984.04,hPa
2025-06-07T22:02:41.537885,light01,13.0,lx
2025-06-07T22:02:42.539231,temp01,31.08,°C
2025-06-07T22:02:42.539231,hum01,18.1,%
2025-06-07T22:02:42.540222,press01,983.95,hPa
2025-06-07T22:02:42.540222,light01,20.0,lx
2025-06-07T22:02:43.541740,temp01,30.59,°C
2025-06-07T22:02:43.541740,hum01,18.6,%
2025-06-07T22:02:43.542693,press01,984.03,hPa
2025-06-07T22:02:43.542693,light01,23.0,lx
2025-06-07T22:02:44.544228,temp01,30.32,°C
2025-06-07T22:02:44.544228,hum01,20.0,%
2025-06-07T22:02:44.545168,press01,984.18,hPa
2025-06-07T22:02:44.545168,light01,29.0,lx
2025-06-07T22:02:45.546826,temp01,30.28,°C
2025-06-07T22:02:45.546826,hum01,21.5,%
2025-06-07T22:02:45.547780,press01,984.19,hPa
2025-06-07T22:02:45.547780,light01,20.0,lx
2025-06-07T22:02:46.549711,temp01,29.81,°C
2025-06-07T22:02:46.549711,hum01,19.7,%
2025-06-07T22:02:46.550664,press01,984.19,hPa
2025-06-07T22:02:46.550664,light01,5.0,lx
2025-06-07T22:02:47.552398,temp01,29.51,°C
2025-06-07T22:02:47.552398,hum01,18.3,%
2025-06-07T22:02:47.553398,press01,984.12,hPa
2025-06-07T22:02:47.553398,light01,40.0,lx
2025-06-07T22:02:48.554484,temp01,29.37,°C
2025-06-07T22:02:48.554484,hum01,18.9,%
2025-06-07T22:02:48.555405,press01,984.05,hPa
2025-06-07T22:02:48.555405,light01,31.0,lx
2025-06-07T22:02:49.557075,temp01,29.29,°C
2025-06-07T22:02:49.557075,hum01,20.8,%
2025-06-07T22:02:49.558028,press01,983.93,hPa
2025-06-07T22:02:49.559028,light01,19.0,lx
2025-06-07T22:02:50.559816,temp01,28.85,°C
2025-06-07T22:02:50.559816,hum01,19.2,%
2025-06-07T22:02:50.560769,press01,984.08,hPa
2025-06-07T22:02:50.560769,light01,35.0,lx
2025-06-07T22:02:51.562136,temp01,29.25,°C
2025-06-07T22:02:51.562136,hum01,19.0,%
2025-06-07T22:02:51.563092,press01,984.11,hPa
2025-06-07T22:02:51.563092,light01,5.0,lx
2025-06-07T22:02:52.564610,temp01,28.94,°C
2025-06-07T22:02:52.564610,hum01,19.7,%
2025-06-07T22:02:52.565563,press01,984.18,hPa
2025-06-07T22:02:52.565563,light01,22.0,lx
2025-06-07T22:02:53.566962,temp01,29.34,°C
2025-06-07T22:02:53.566962,hum01,18.0,%
2025-06-07T22:02:53.567955,press01,984.31,hPa
2025-06-07T22:02:53.567955,light01,44.0,lx
2025-06-07T22:02:54.569228,temp01,28.96,°C
2025-06-07T22:02:54.569228,hum01,16.2,%
2025-06-07T22:02:54.570228,press01,984.15,hPa
2025-06-07T22:02:54.570228,light01,48.0,lx
2025-06-07T22:02:55.571629,temp01,28.58,°C
2025-06-07T22:02:55.571629,hum01,17.2,%
2025-06-07T22:02:55.572586,press01,984.17,hPa
2025-06-07T22:02:55.572586,light01,17.0,lx
2025-06-07T22:02:56.574564,temp01,28.97,°C
2025-06-07T22:02:56.574564,hum01,19.2,%
2025-06-07T22:02:56.575517,press01,984.27,hPa
2025-06-07T22:02:56.575517,light01,24.0,lx
2025-06-07T22:02:57.577249,temp01,28.93,°C
2025-06-07T22:02:57.577249,hum01,20.6,%
2025-06-07T22:02:57.578203,press01,984.12,hPa
2025-06-07T22:02:57.578203,light01,23.0,lx
2025-06-07T22:02:58.579373,temp01,29.16,°C
2025-06-07T22:02:58.579373,hum01,19.9,%
2025-06-07T22:02:58.580325,press01,984.14,hPa
2025-06-07T22:02:58.580325,light01,41.0,lx
2025-06-07T22:02:59.581816,temp01,29.09,°C
2025-06-07T22:02:59.581816,hum01,19.4,%
2025-06-07T22:02:59.582770,press01,984.25,hPa
2025-06-07T22:02:59.582770,light01,4.0,lx
2025-06-07T22:03:00.583965,temp01,29.51,°C
2025-06-07T22:03:00.583965,hum01,21.4,%
2025-06-07T22:03:00.584947,press01,984.25,hPa
2025-06-07T22:03:00.584947,light01,49.0,lx
2025-06-07T22:03:01.585993,temp01,29.82,°C
2025-06-07T22:03:01.585993,hum01,19.9,%
2025-06-07T22:03:01.586947,press01,984.15,hPa
2025-06-07T22:03:01.586947,light01,42.0,lx
2025-06-07T22:03:02.588763,temp01,29.86,°C
2025-06-07T22:03:02.588763,hum01,18.1,%
2025-06-07T22:03:02.589718,press01,984.05,hPa
2025-06-07T22:03:02.589718,light01,37.0,lx
2025-06-07T22:03:03.590915,temp01,29.46,°C
2025-06-07T22:03:03.590915,hum01,18.6,%
2025-06-07T22:03:03.591915,press01,984.09,hPa
2025-06-07T22:03:03.591915,light01,24.0,lx
2025-06-07T22:03:04.593444,temp01,29.51,°C
2025-06-07T22:03:04.593444,hum01,19.8,%
2025-06-07T22:03:04.594384,press01,984.29,hPa
2025-06-07T22:03:04.594384,light01,23.0,lx
2025-06-07T22:03:05.595859,temp01,29.14,°C
2025-06-07T22:03:05.595859,hum01,19.5,%
2025-06-07T22:03:05.596836,press01,984.13,hPa
2025-06-07T22:03:05.596836,light01,19.0,lx
2025-06-07T22:03:06.598796,temp01,28.94,°C
2025-06-07T22:03:06.598796,hum01,20.6,%
2025-06-07T22:03:06.599767,press01,983.94,hPa
2025-06-07T22:03:06.599767,light01,50.0,lx
2025-06-07T22:03:07.601064,temp01,29.21,°C
2025-06-07T22:03:07.601064,hum01,21.6,%
2025-06-07T22:03:07.602003,press01,984.0,hPa
2025-06-07T22:03:07.602003,light01,39.0,lx
2025-06-07T22:03:08.603432,temp01,29.1,°C
2025-06-07T22:03:08.603432,hum01,22.9,%
2025-06-07T22:03:08.604431,press01,983.91,hPa
2025-06-07T22:03:08.604431,light01,27.0,lx
2025-06-07T22:03:09.605647,temp01,29.55,°C
2025-06-07T22:03:09.605647,hum01,24.3,%
2025-06-07T22:03:09.606650,press01,983.77,hPa
2025-06-07T22:03:09.607646,light01,30.0,lx
2025-06-07T22:03:10.609339,temp01,29.28,°C
2025-06-07T22:03:10.609339,hum01,24.3,%
2025-06-07T22:03:10.610273,press01,983.68,hPa
2025-06-07T22:03:10.610273,light01,19.0,lx
2025-06-07T22:03:11.612196,temp01,29.52,°C
2025-06-07T22:03:11.612196,hum01,25.6,%
2025-06-07T22:03:11.613150,press01,983.78,hPa
2025-06-07T22:03:11.613150,light01,49.0,lx
2025-06-07T22:03:12.614889,temp01,29.9,°C
2025-06-07T22:03:12.614889,hum01,26.6,%
2025-06-07T22:03:12.615840,press01,983.9,hPa
2025-06-07T22:03:12.615840,light01,22.0,lx
2025-06-07T22:03:13.617295,temp01,29.42,°C
2025-06-07T22:03:13.617295,hum01,27.9,%
2025-06-07T22:03:13.618277,press01,983.84,hPa
2025-06-07T22:03:13.618277,light01,8.0,lx
2025-06-07T22:03:14.620110,temp01,29.71,°C
2025-06-07T22:03:14.620110,hum01,28.9,%
2025-06-07T22:03:14.621100,press01,983.92,hPa
2025-06-07T22:03:14.621100,light01,5.0,lx
2025-06-07T22:03:15.622382,temp01,29.79,°C
2025-06-07T22:03:15.622382,hum01,30.7,%
2025-06-07T22:03:15.623339,press01,983.83,hPa
2025-06-07T22:03:15.623339,light01,39.0,lx
2025-06-07T22:03:16.625322,temp01,29.48,°C
2025-06-07T22:03:16.625322,hum01,31.3,%
2025-06-07T22:03:16.626273,press01,983.93,hPa
2025-06-07T22:03:16.626273,light01,35.0,lx
2025-06-07T22:03:17.628120,temp01,29.26,°C
2025-06-07T22:03:17.628120,hum01,32.8,%
2025-06-07T22:03:17.629075,press01,983.98,hPa
2025-06-07T22:03:17.629075,light01,17.0,lx
2025-06-07T22:03:18.630948,temp01,29.74,°C
2025-06-07T22:03:18.630948,hum01,31.6,%
2025-06-07T22:03:18.631926,press01,983.9,hPa
2025-06-07T22:03:18.631926,light01,29.0,lx
2025-06-07T22:03:19.632976,temp01,29.28,°C
2025-06-07T22:03:19.632976,hum01,31.8,%
2025-06-07T22:03:19.633911,press01,983.91,hPa
2025-06-07T22:03:19.633911,light01,13.0,lx
2025-06-07T22:03:20.635287,temp01,29.43,°C
2025-06-07T22:03:20.635287,hum01,33.8,%
2025-06-07T22:03:20.636226,press01,983.74,hPa
2025-06-07T22:03:20.636226,light01,20.0,lx
2025-06-07T22:03:21.637485,temp01,29.22,°C
2025-06-07T22:03:21.637485,hum01,33.2,%
2025-06-07T22:03:21.638442,press01,983.78,hPa
2025-06-07T22:03:21.638442,light01,7.0,lx
2025-06-07T22:03:22.640203,temp01,29.72,°C
2025-06-07T22:03:22.640203,hum01,33.9,%
2025-06-07T22:03:22.641156,press01,983.91,hPa
2025-06-07T22:03:22.641156,light01,8.0,lx
2025-06-07T22:03:23.642456,temp01,29.95,°C
2025-06-07T22:03:23.642456,hum01,33.9,%
2025-06-07T22:03:23.643412,press01,983.79,hPa
2025-06-07T22:03:23.643412,light01,49.0,lx
2025-06-07T22:03:24.645317,temp01,29.93,°C
2025-06-07T22:03:24.646317,hum01,34.4,%
2025-06-07T22:03:24.646317,press01,983.67,hPa
2025-06-07T22:03:24.647315,light01,20.0,lx
2025-06-07T22:03:25.649010,temp01,29.47,°C
2025-06-07T22:03:25.649010,hum01,34.6,%
2025-06-07T22:03:25.649963,press01,983.5,hPa
2025-06-07T22:03:25.649963,light01,3.0,lx
2025-06-07T22:03:26.651068,temp01,29.14,°C
2025-06-07T22:03:26.651068,hum01,34.7,%
2025-06-07T22:03:26.652021,press01,983.32,hPa
2025-06-07T22:03:26.652021,light01,30.0,lx
2025-06-07T22:03:27.653654,temp01,29.5,°C
2025-06-07T22:03:27.653654,hum01,36.2,%
2025-06-07T22:03:27.654611,press01,983.36,hPa
2025-06-07T22:03:27.654611,light01,10.0,lx
2025-06-07T22:03:28.656260,temp01,29.58,°C
2025-06-07T22:03:28.656260,hum01,34.4,%
2025-06-07T22:03:28.657214,press01,983.22,hPa
2025-06-07T22:03:28.657214,light01,21.0,lx
2025-06-07T22:03:29.658404,temp01,29.23,°C
2025-06-07T22:03:29.658404,hum01,33.1,%
2025-06-07T22:03:29.659358,press01,983.16,hPa
2025-06-07T22:03:29.659358,light01,35.0,lx
2025-06-07T22:03:30.660446,temp01,29.5,°C
2025-06-07T22:03:30.660446,hum01,32.8,%
2025-06-07T22:03:30.661384,press01,983.15,hPa
2025-06-07T22:03:30.661384,light01,10.0,lx
2025-06-07T22:03:31.662475,temp01,29.68,°C
2025-06-07T22:03:31.662475,hum01,31.1,%
2025-06-07T22:03:31.663499,press01,983.08,hPa
2025-06-07T22:03:31.663499,light01,4.0,lx
2025-06-07T22:03:32.665189,temp01,30.18,°C
2025-06-07T22:03:32.665189,hum01,29.2,%
2025-06-07T22:03:32.666141,press01,983.0,hPa
2025-06-07T22:03:32.666141,light01,50.0,lx
2025-06-07T22:03:33.667269,temp01,29.91,°C
2025-06-07T22:03:33.667269,hum01,29.1,%
2025-06-07T22:03:33.668227,press01,983.15,hPa
2025-06-07T22:03:33.668227,light01,42.0,lx
2025-06-07T22:03:34.669933,temp01,30.22,°C
2025-06-07T22:03:34.669933,hum01,27.7,%
2025-06-07T22:03:34.670892,press01,983.31,hPa
2025-06-07T22:03:34.670892,light01,37.0,lx
2025-06-07T22:03:35.672718,temp01,29.74,°C
2025-06-07T22:03:35.672718,hum01,28.1,%
2025-06-07T22:03:35.673672,press01,983.41,hPa
2025-06-07T22:03:35.673672,light01,30.0,lx
2025-06-07T22:03:36.675783,temp01,30.04,°C
2025-06-07T22:03:36.675783,hum01,28.6,%
2025-06-07T22:03:36.676721,press01,983.31,hPa
2025-06-07T22:03:36.676721,light01,25.0,lx
2025-06-07T22:03:37.678354,temp01,30.03,°C
2025-06-07T22:03:37.678354,hum01,28.8,%
2025-06-07T22:03:37.679306,press01,983.22,hPa
2025-06-07T22:03:37.679306,light01,44.0,lx
2025-06-07T22:03:38.680524,temp01,29.79,°C
2025-06-07T22:03:38.680524,hum01,28.0,%
2025-06-07T22:03:38.681478,press01,983.14,hPa
2025-06-07T22:03:38.681478,light01,24.0,lx
2025-06-07T22:03:39.683407,temp01,29.82,°C
2025-06-07T22:03:39.684404,hum01,27.0,%
2025-06-07T22:03:39.684404,press01,983.2,hPa
2025-06-07T22:03:39.685403,light01,30.0,lx
2025-06-07T22:03:40.686840,temp01,29.45,°C
2025-06-07T22:03:40.686840,hum01,28.7,%
2025-06-07T22:03:40.687792,press01,983.22,hPa
2025-06-07T22:03:40.687792,light01,8.0,lx
2025-06-07T22:03:41.689247,temp01,29.31,°C
2025-06-07T22:03:41.689247,hum01,28.8,%
2025-06-07T22:03:41.690200,press01,983.36,hPa
2025-06-07T22:03:41.690200,light01,40.0,lx
2025-06-07T22:03:42.691386,temp01,29.46,°C
2025-06-07T22:03:42.691386,hum01,30.1,%
2025-06-07T22:03:42.692380,press01,983.39,hPa
2025-06-07T22:03:42.692380,light01,19.0,lx
2025-06-07T22:03:43.694116,temp01,29.06,°C
2025-06-07T22:03:43.694116,hum01,30.7,%
2025-06-07T22:03:43.695068,press01,983.58,hPa
2025-06-07T22:03:43.695068,light01,34.0,lx
2025-06-07T22:03:44.696509,temp01,28.98,°C
2025-06-07T22:03:44.696509,hum01,31.5,%
2025-06-07T22:03:44.697464,press01,983.49,hPa
2025-06-07T22:03:44.697464,light01,43.0,lx
2025-06-07T22:03:45.699368,temp01,29.36,°C
2025-06-07T22:03:45.699368,hum01,30.9,%
2025-06-07T22:03:45.700323,press01,983.35,hPa
2025-06-07T22:03:45.700323,light01,5.0,lx
2025-06-07T22:03:46.701903,temp01,29.57,°C
2025-06-07T22:03:46.701903,hum01,31.0,%
2025-06-07T22:03:46.702856,press01,983.43,hPa
2025-06-07T22:03:46.702856,light01,4.0,lx
2025-06-07T22:03:47.704306,temp01,29.78,°C
2025-06-07T22:03:47.704306,hum01,33.0,%
2025-06-07T22:03:47.705260,press01,983.61,hPa
2025-06-07T22:03:47.705260,light01,29.0,lx
2025-06-07T22:03:48.706273,temp01,29.52,°C
2025-06-07T22:03:48.706273,hum01,33.2,%
2025-06-07T22:03:48.707230,press01,983.63,hPa
2025-06-07T22:03:48.707230,light01,9.0,lx
2025-06-07T22:03:49.708977,temp01,29.35,°C
2025-06-07T22:03:49.708977,hum01,32.8,%
2025-06-07T22:03:49.709930,press01,983.5,hPa
2025-06-07T22:03:49.709930,light01,39.0,lx
2025-06-07T22:03:50.711767,temp01,28.93,°C
2025-06-07T22:03:50.711767,hum01,31.5,%
2025-06-07T22:03:50.712694,press01,983.62,hPa
2025-06-07T22:03:50.712694,light01,35.0,lx
2025-06-07T22:03:51.713834,temp01,28.64,°C
2025-06-07T22:03:51.713834,hum01,33.0,%
2025-06-07T22:03:51.714791,press01,983.63,hPa
2025-06-07T22:03:51.714791,light01,2.0,lx
2025-06-07T22:03:52.716557,temp01,28.23,°C
2025-06-07T22:03:52.716557,hum01,33.9,%
2025-06-07T22:03:52.717511,press01,983.64,hPa
2025-06-07T22:03:52.717511,light01,41.0,lx
2025-06-07T22:03:53.718641,temp01,27.93,°C
2025-06-07T22:03:53.718641,hum01,34.9,%
2025-06-07T22:03:53.719603,press01,983.54,hPa
2025-06-07T22:03:53.719603,light01,38.0,lx
2025-06-07T22:03:54.721499,temp01,27.78,°C
2025-06-07T22:03:54.721499,hum01,36.8,%
2025-06-07T22:03:54.722498,press01,983.49,hPa
2025-06-07T22:03:54.723496,light01,33.0,lx
2025-06-07T22:03:55.724675,temp01,27.91,°C
2025-06-07T22:03:55.724675,hum01,34.9,%
2025-06-07T22:03:55.725609,press01,983.62,hPa
2025-06-07T22:03:55.725609,light01,1.0,lx
2025-06-07T22:03:56.727136,temp01,27.62,°C
2025-06-07T22:03:56.727136,hum01,33.7,%
2025-06-07T22:03:56.728093,press01,983.48,hPa
2025-06-07T22:03:56.728093,light01,27.0,lx
2025-06-07T22:03:57.729955,temp01,27.28,°C
2025-06-07T22:03:57.729955,hum01,32.4,%
2025-06-07T22:03:57.730891,press01,983.56,hPa
2025-06-07T22:03:57.730891,light01,29.0,lx
2025-06-07T22:03:58.732689,temp01,26.92,°C
2025-06-07T22:03:58.732689,hum01,33.4,%
2025-06-07T22:03:58.733644,press01,983.52,hPa
2025-06-07T22:03:58.733644,light01,21.0,lx
2025-06-07T22:03:59.734772,temp01,27.09,°C
2025-06-07T22:03:59.734772,hum01,34.7,%
2025-06-07T22:03:59.735726,press01,983.38,hPa
2025-06-07T22:03:59.735726,light01,35.0,lx
2025-06-07T22:04:00.737055,temp01,26.98,°C
2025-06-07T22:04:00.737055,hum01,35.8,%
2025-06-07T22:04:00.738007,press01,983.34,hPa
2025-06-07T22:04:00.738007,light01,31.0,lx
2025-06-07T22:04:01.739108,temp01,26.99,°C
2025-06-07T22:04:01.739108,hum01,34.9,%
2025-06-07T22:04:01.740128,press01,983.27,hPa
2025-06-07T22:04:01.740128,light01,37.0,lx
2025-06-07T22:04:02.741625,temp01,26.89,°C
2025-06-07T22:04:02.741625,hum01,33.5,%
2025-06-07T22:04:02.742578,press01,983.44,hPa
2025-06-07T22:04:02.742578,light01,7.0,lx
2025-06-07T22:04:03.744520,temp01,26.96,°C
2025-06-07T22:04:03.744520,hum01,34.2,%
2025-06-07T22:04:03.745504,press01,983.39,hPa
2025-06-07T22:04:03.745504,light01,10.0,lx
2025-06-07T22:04:04.747271,temp01,26.47,°C
2025-06-07T22:04:04.748271,hum01,32.2,%
2025-06-07T22:04:04.748271,press01,983.38,hPa
2025-06-07T22:04:04.749270,light01,24.0,lx
2025-06-07T22:04:05.749988,temp01,26.68,°C
2025-06-07T22:04:05.749988,hum01,31.6,%
2025-06-07T22:04:05.751009,press01,983.24,hPa
2025-06-07T22:04:05.751009,light01,22.0,lx
2025-06-07T22:04:06.752808,temp01,26.36,°C
2025-06-07T22:04:06.752808,hum01,31.6,%
2025-06-07T22:04:06.753790,press01,983.3,hPa
2025-06-07T22:04:06.753790,light01,14.0,lx
2025-06-07T22:04:07.755505,temp01,26.2,°C
2025-06-07T22:04:07.755505,hum01,29.7,%
2025-06-07T22:04:07.756458,press01,983.24,hPa
2025-06-07T22:04:07.756458,light01,46.0,lx
2025-06-07T22:04:08.758373,temp01,26.31,°C
2025-06-07T22:04:08.758373,hum01,30.0,%
2025-06-07T22:04:08.759332,press01,983.18,hPa
2025-06-07T22:04:08.759332,light01,10.0,lx
2025-06-07T22:04:09.760515,temp01,26.54,°C
2025-06-07T22:04:09.760515,hum01,31.9,%
2025-06-07T22:04:09.761467,press01,983.19,hPa
2025-06-07T22:04:09.761467,light01,5.0,lx
2025-06-07T22:04:10.762704,temp01,26.04,°C
2025-06-07T22:04:10.762704,hum01,32.9,%
2025-06-07T22:04:10.763642,press01,983.3,hPa
2025-06-07T22:04:10.763642,light01,10.0,lx
2025-06-07T22:04:11.764953,temp01,26.1,°C
2025-06-07T22:04:11.764953,hum01,34.7,%
2025-06-07T22:04:11.765891,press01,983.24,hPa
2025-06-07T22:04:11.765891,light01,2.0,lx
2025-06-07T22:04:12.767877,temp01,25.85,°C
2025-06-07T22:04:12.767877,hum01,34.0,%
2025-06-07T22:04:12.768875,press01,983.14,hPa
2025-06-07T22:04:12.768875,light01,6.0,lx
2025-06-07T22:04:13.770463,temp01,26.27,°C
2025-06-07T22:04:13.770463,hum01,33.3,%
2025-06-07T22:04:13.771449,press01,983.33,hPa
2025-06-07T22:04:13.771449,light01,15.0,lx
2025-06-07T22:04:14.773032,temp01,26.48,°C
2025-06-07T22:04:14.773032,hum01,32.3,%
2025-06-07T22:04:14.774002,press01,983.3,hPa
2025-06-07T22:04:14.774002,light01,12.0,lx
2025-06-07T22:04:15.775726,temp01,26.42,°C
2025-06-07T22:04:15.775726,hum01,31.0,%
2025-06-07T22:04:15.776724,press01,983.11,hPa
2025-06-07T22:04:15.776724,light01,17.0,lx
2025-06-07T22:04:16.778071,temp01,26.29,°C
2025-06-07T22:04:16.778071,hum01,31.3,%
2025-06-07T22:04:16.779007,press01,983.06,hPa
2025-06-07T22:04:16.779007,light01,19.0,lx
2025-06-07T22:04:17.780837,temp01,26.6,°C
2025-06-07T22:04:17.780837,hum01,30.6,%
2025-06-07T22:04:17.781824,press01,982.97,hPa
2025-06-07T22:04:17.781824,light01,29.0,lx
2025-06-07T22:04:18.782862,temp01,26.6,°C
2025-06-07T22:04:18.782862,hum01,31.8,%
2025-06-07T22:04:18.783817,press01,983.06,hPa
2025-06-07T22:04:18.783817,light01,23.0,lx
2025-06-07T22:04:19.785350,temp01,26.48,°C
2025-06-07T22:04:19.785350,hum01,32.2,%
2025-06-07T22:04:19.786348,press01,983.02,hPa
2025-06-07T22:04:19.786348,light01,33.0,lx
2025-06-07T22:04:20.788199,temp01,26.28,°C
2025-06-07T22:04:20.788199,hum01,32.7,%
2025-06-07T22:04:20.789198,press01,982.89,hPa
2025-06-07T22:04:20.789198,light01,31.0,lx
2025-06-07T22:04:21.790795,temp01,26.04,°C
2025-06-07T22:04:21.790795,hum01,32.2,%
2025-06-07T22:04:21.791750,press01,983.06,hPa
2025-06-07T22:04:21.791750,light01,44.0,lx
2025-06-07T22:04:22.793036,temp01,25.83,°C
2025-06-07T22:04:22.793036,hum01,33.1,%
2025-06-07T22:04:22.793989,press01,982.94,hPa
2025-06-07T22:04:22.793989,light01,4.0,lx
2025-06-07T22:04:23.795636,temp01,26.02,°C
2025-06-07T22:04:23.795636,hum01,33.8,%
2025-06-07T22:04:23.796612,press01,982.76,hPa
2025-06-07T22:04:23.796612,light01,39.0,lx
2025-06-07T22:04:24.798577,temp01,26.34,°C
2025-06-07T22:04:24.798577,hum01,35.7,%
2025-06-07T22:04:24.799515,press01,982.6,hPa
2025-06-07T22:04:24.799515,light01,24.0,lx
2025-06-07T22:04:25.801080,temp01,26.13,°C
2025-06-07T22:04:25.801080,hum01,33.8,%
2025-06-07T22:04:25.802014,press01,982.41,hPa
2025-06-07T22:04:25.802014,light01,31.0,lx
2025-06-07T22:04:26.803318,temp01,25.91,°C
2025-06-07T22:04:26.803318,hum01,33.0,%
2025-06-07T22:04:26.804269,press01,982.28,hPa
2025-06-07T22:04:26.804269,light01,23.0,lx
2025-06-07T22:04:27.805810,temp01,25.46,°C
2025-06-07T22:04:27.805810,hum01,33.1,%
2025-06-07T22:04:27.806749,press01,982.12,hPa
2025-06-07T22:04:27.806749,light01,44.0,lx
2025-06-07T22:04:28.808065,temp01,25.86,°C
2025-06-07T22:04:28.808065,hum01,32.6,%
2025-06-07T22:04:28.809021,press01,982.01,hPa
2025-06-07T22:04:28.809021,light01,47.0,lx
2025-06-07T22:04:29.810636,temp01,25.65,°C
2025-06-07T22:04:29.810636,hum01,33.8,%
2025-06-07T22:04:29.811591,press01,981.97,hPa
2025-06-07T22:04:29.811591,light01,32.0,lx
2025-06-07T22:04:30.813547,temp01,26.08,°C
2025-06-07T22:04:30.813547,hum01,33.9,%
2025-06-07T22:04:30.814505,press01,982.16,hPa
2025-06-07T22:04:30.814505,light01,14.0,lx
2025-06-07T22:04:31.816068,temp01,26.28,°C
2025-06-07T22:04:31.816068,hum01,32.1,%
2025-06-07T22:04:31.817026,press01,982.21,hPa
2025-06-07T22:04:31.817026,light01,22.0,lx
2025-06-07T22:04:32.818550,temp01,26.49,°C
2025-06-07T22:04:32.818550,hum01,32.4,%
2025-06-07T22:04:32.819489,press01,982.37,hPa
2025-06-07T22:04:32.819489,light01,34.0,lx
2025-06-07T22:04:33.821004,temp01,26.52,°C
2025-06-07T22:04:33.821985,hum01,33.1,%
2025-06-07T22:04:33.821985,press01,982.48,hPa
2025-06-07T22:04:33.822985,light01,42.0,lx
2025-06-07T22:04:34.824466,temp01,26.64,°C
2025-06-07T22:04:34.824466,hum01,31.2,%
2025-06-07T22:04:34.825423,press01,982.5,hPa
2025-06-07T22:04:34.825423,light01,22.0,lx
2025-06-07T22:04:35.826500,temp01,26.98,°C
2025-06-07T22:04:35.826500,hum01,31.0,%
2025-06-07T22:04:35.827503,press01,982.36,hPa
2025-06-07T22:04:35.827503,light01,5.0,lx
2025-06-07T22:04:36.829261,temp01,27.41,°C
2025-06-07T22:04:36.829261,hum01,32.8,%
2025-06-07T22:04:36.830218,press01,982.43,hPa
2025-06-07T22:04:36.830218,light01,47.0,lx
2025-06-07T22:04:37.831897,temp01,27.55,°C
2025-06-07T22:04:37.831897,hum01,32.7,%
2025-06-07T22:04:37.832849,press01,982.53,hPa
2025-06-07T22:04:37.832849,light01,15.0,lx
2025-06-07T22:04:38.834358,temp01,27.66,°C
2025-06-07T22:04:38.834358,hum01,33.8,%
2025-06-07T22:04:38.835310,press01,982.35,hPa
2025-06-07T22:04:38.835310,light01,2.0,lx
2025-06-07T22:04:39.837120,temp01,27.74,°C
2025-06-07T22:04:39.837120,hum01,35.5,%
2025-06-07T22:04:39.838059,press01,982.49,hPa
2025-06-07T22:04:39.838059,light01,42.0,lx
2025-06-07T22:04:40.839693,temp01,28.02,°C
2025-06-07T22:04:40.839693,hum01,34.1,%
2025-06-07T22:04:40.840614,press01,982.42,hPa
2025-06-07T22:04:40.840614,light01,46.0,lx
2025-06-07T22:04:41.842555,temp01,28.49,°C
2025-06-07T22:04:41.842555,hum01,33.9,%
2025-06-07T22:04:41.843492,press01,982.44,hPa
2025-06-07T22:04:41.843492,light01,20.0,lx
2025-06-07T22:04:42.845360,temp01,28.51,°C
2025-06-07T22:04:42.845360,hum01,34.7,%
2025-06-07T22:04:42.846360,press01,982.35,hPa
2025-06-07T22:04:42.846360,light01,44.0,lx
2025-06-07T22:04:43.848440,temp01,28.43,°C
2025-06-07T22:04:43.848440,hum01,34.9,%
2025-06-07T22:04:43.849379,press01,982.41,hPa
2025-06-07T22:04:43.849379,light01,42.0,lx
2025-06-07T22:04:44.850419,temp01,28.65,°C
2025-06-07T22:04:44.850419,hum01,35.9,%
2025-06-07T22:04:44.851355,press01,982.56,hPa
2025-06-07T22:04:44.851355,light01,35.0,lx
2025-06-07T22:04:45.852708,temp01,28.89,°C
2025-06-07T22:04:45.852708,hum01,35.4,%
2025-06-07T22:04:45.853633,press01,982.66,hPa
2025-06-07T22:04:45.853633,light01,14.0,lx
2025-06-07T22:04:46.855438,temp01,28.97,°C
2025-06-07T22:04:46.855438,hum01,37.3,%
2025-06-07T22:04:46.856393,press01,982.71,hPa
2025-06-07T22:04:46.856393,light01,41.0,lx
2025-06-07T22:04:47.857545,temp01,28.55,°C
2025-06-07T22:04:47.857545,hum01,38.2,%
2025-06-07T22:04:47.858498,press01,982.84,hPa
2025-06-07T22:04:47.858498,light01,32.0,lx
2025-06-07T22:04:48.860332,temp01,28.33,°C
2025-06-07T22:04:48.860332,hum01,39.9,%
2025-06-07T22:04:48.861271,press01,982.85,hPa
2025-06-07T22:04:48.861271,light01,42.0,lx
2025-06-07T22:04:49.862724,temp01,28.33,°C
2025-06-07T22:04:49.862724,hum01,39.3,%
2025-06-07T22:04:49.863713,press01,983.04,hPa
2025-06-07T22:04:49.863713,light01,38.0,lx
2025-06-07T22:04:50.864699,temp01,28.23,°C
2025-06-07T22:04:50.864699,hum01,40.7,%
2025-06-07T22:04:50.865720,press01,983.0,hPa
2025-06-07T22:04:50.865720,light01,32.0,lx
2025-06-07T22:04:51.867169,temp01,28.11,°C
2025-06-07T22:04:51.867169,hum01,41.3,%
2025-06-07T22:04:51.868108,press01,983.1,hPa
2025-06-07T22:04:51.868108,light01,45.0,lx
2025-06-07T22:04:52.869788,temp01,28.58,°C
2025-06-07T22:04:52.869788,hum01,42.3,%
2025-06-07T22:04:52.870787,press01,983.01,hPa
2025-06-07T22:04:52.870787,light01,36.0,lx
2025-06-07T22:04:53.872034,temp01,28.16,°C
2025-06-07T22:04:53.872034,hum01,41.2,%
2025-06-07T22:04:53.872989,press01,982.92,hPa
2025-06-07T22:04:53.872989,light01,11.0,lx
2025-06-07T22:04:54.874443,temp01,27.97,°C
2025-06-07T22:04:54.874443,hum01,39.6,%
2025-06-07T22:04:54.875397,press01,982.79,hPa
2025-06-07T22:04:54.875397,light01,2.0,lx
2025-06-07T22:04:55.876439,temp01,28.17,°C
2025-06-07T22:04:55.876439,hum01,38.2,%
2025-06-07T22:04:55.877396,press01,982.68,hPa
2025-06-07T22:04:55.877396,light01,45.0,lx
2025-06-07T22:04:56.878830,temp01,27.97,°C
2025-06-07T22:04:56.878830,hum01,36.2,%
2025-06-07T22:04:56.879783,press01,982.57,hPa
2025-06-07T22:04:56.879783,light01,47.0,lx
2025-06-07T22:04:57.881158,temp01,27.73,°C
2025-06-07T22:04:57.881158,hum01,38.1,%
2025-06-07T22:04:57.882110,press01,982.58,hPa
2025-06-07T22:04:57.882110,light01,32.0,lx
2025-06-07T22:04:58.883854,temp01,28.13,°C
2025-06-07T22:04:58.883854,hum01,40.1,%
2025-06-07T22:04:58.884787,press01,982.52,hPa
2025-06-07T22:04:58.884787,light01,47.0,lx
2025-06-07T22:04:59.886377,temp01,27.96,°C
2025-06-07T22:04:59.886377,hum01,42.0,%
2025-06-07T22:04:59.887331,press01,982.53,hPa
2025-06-07T22:04:59.887331,light01,32.0,lx
2025-06-07T22:05:00.888792,temp01,28.29,°C
2025-06-07T22:05:00.888792,hum01,42.4,%
2025-06-07T22:05:00.889728,press01,982.48,hPa
2025-06-07T22:05:00.889728,light01,11.0,lx
2025-06-07T22:05:01.891128,temp01,28.44,°C
2025-06-07T22:05:01.891128,hum01,43.4,%
2025-06-07T22:05:01.892085,press01,982.35,hPa
2025-06-07T22:05:01.892085,light01,13.0,lx
2025-06-07T22:05:02.894030,temp01,28.2,°C
2025-06-07T22:05:02.894030,hum01,42.4,%
2025-06-07T22:05:02.894984,press01,982.34,hPa
2025-06-07T22:05:02.894984,light01,37.0,lx
2025-06-07T22:05:03.896678,temp01,28.58,°C
2025-06-07T22:05:03.896678,hum01,43.0,%
2025-06-07T22:05:03.897616,press01,982.46,hPa
2025-06-07T22:05:03.897616,light01,9.0,lx
2025-06-07T22:05:04.899021,temp01,29.05,°C
2025-06-07T22:05:04.899021,hum01,43.9,%
2025-06-07T22:05:04.899959,press01,982.38,hPa
2025-06-07T22:05:04.899959,light01,20.0,lx
2025-06-07T22:05:05.901379,temp01,29.19,°C
2025-06-07T22:05:05.901379,hum01,45.3,%
2025-06-07T22:05:05.902348,press01,982.47,hPa
2025-06-07T22:05:05.902348,light01,34.0,lx
2025-06-07T22:05:06.903442,temp01,29.43,°C
2025-06-07T22:05:06.903442,hum01,45.0,%
2025-06-07T22:05:06.904692,press01,982.66,hPa
2025-06-07T22:05:06.904692,light01,20.0,lx
2025-06-07T22:05:07.906227,temp01,29.43,°C
2025-06-07T22:05:07.906892,hum01,45.5,%
2025-06-07T22:05:07.906892,press01,982.82,hPa
2025-06-07T22:05:07.907897,light01,32.0,lx
2025-06-07T22:05:08.908360,temp01,29.88,°C
2025-06-07T22:05:08.908360,hum01,44.8,%
2025-06-07T22:05:08.909314,press01,982.65,hPa
2025-06-07T22:05:08.909314,light01,9.0,lx
2025-06-07T22:05:09.911268,temp01,30.12,°C
2025-06-07T22:05:09.911268,hum01,44.9,%
2025-06-07T22:05:09.912223,press01,982.72,hPa
2025-06-07T22:05:09.912223,light01,43.0,lx
2025-06-07T22:05:10.914123,temp01,30.28,°C
2025-06-07T22:05:10.914123,hum01,43.3,%
2025-06-07T22:05:10.915075,press01,982.84,hPa
2025-06-07T22:05:10.915075,light01,10.0,lx
2025-06-07T22:05:11.916196,temp01,29.82,°C
2025-06-07T22:05:11.916196,hum01,43.3,%
2025-06-07T22:05:11.917206,press01,982.73,hPa
2025-06-07T22:05:11.917206,light01,14.0,lx
2025-06-07T22:05:12.918944,temp01,30.07,°C
2025-06-07T22:05:12.918944,hum01,44.5,%
2025-06-07T22:05:12.919932,press01,982.7,hPa
2025-06-07T22:05:12.919932,light01,6.0,lx
2025-06-07T22:05:13.921463,temp01,30.51,°C
2025-06-07T22:05:13.921463,hum01,46.1,%
2025-06-07T22:05:13.922462,press01,982.73,hPa
2025-06-07T22:05:13.922462,light01,33.0,lx
2025-06-07T22:05:14.924178,temp01,30.8,°C
2025-06-07T22:05:14.924178,hum01,46.4,%
2025-06-07T22:05:14.925176,press01,982.69,hPa
2025-06-07T22:05:14.925176,light01,18.0,lx
2025-06-07T22:05:15.926813,temp01,30.39,°C
2025-06-07T22:05:15.926813,hum01,46.6,%
2025-06-07T22:05:15.927808,press01,982.88,hPa
2025-06-07T22:05:15.927808,light01,30.0,lx
2025-06-07T22:05:16.929384,temp01,30.3,°C
2025-06-07T22:05:16.929384,hum01,47.1,%
2025-06-07T22:05:16.930369,press01,983.01,hPa
2025-06-07T22:05:16.930369,light01,35.0,lx
2025-06-07T22:05:17.932335,temp01,30.14,°C
2025-06-07T22:05:17.932335,hum01,46.8,%
2025-06-07T22:05:17.933289,press01,982.97,hPa
2025-06-07T22:05:17.933289,light01,49.0,lx
2025-06-07T22:05:18.935168,temp01,30.05,°C
2025-06-07T22:05:18.935168,hum01,46.5,%
2025-06-07T22:05:18.936126,press01,983.01,hPa
2025-06-07T22:05:18.936126,light01,34.0,lx
2025-06-07T22:05:19.937211,temp01,30.41,°C
2025-06-07T22:05:19.937211,hum01,47.9,%
2025-06-07T22:05:19.938214,press01,983.09,hPa
2025-06-07T22:05:19.938214,light01,5.0,lx
2025-06-07T22:05:20.939295,temp01,30.38,°C
2025-06-07T22:05:20.939295,hum01,46.2,%
2025-06-07T22:05:20.940252,press01,983.2,hPa
2025-06-07T22:05:20.940252,light01,46.0,lx
2025-06-07T22:05:21.942182,temp01,30.39,°C
2025-06-07T22:05:21.942182,hum01,47.3,%
2025-06-07T22:05:21.943182,press01,983.26,hPa
2025-06-07T22:05:21.943182,light01,19.0,lx
2025-06-07T22:05:22.945003,temp01,30.82,°C
2025-06-07T22:05:22.946002,hum01,47.8,%
2025-06-07T22:05:22.946002,press01,983.25,hPa
2025-06-07T22:05:22.947001,light01,11.0,lx
2025-06-07T22:05:23.948046,temp01,31.22,°C
2025-06-07T22:05:23.948046,hum01,46.8,%
2025-06-07T22:05:23.949045,press01,983.1,hPa
2025-06-07T22:05:23.949045,light01,15.0,lx
2025-06-07T22:05:24.951088,temp01,31.26,°C
2025-06-07T22:05:24.951088,hum01,45.0,%
2025-06-07T22:05:24.952070,press01,983.15,hPa
2025-06-07T22:05:24.952070,light01,41.0,lx
2025-06-07T22:05:25.953041,temp01,31.73,°C
2025-06-07T22:05:25.953041,hum01,43.9,%
2025-06-07T22:05:25.954041,press01,983.13,hPa
2025-06-07T22:05:25.954041,light01,41.0,lx
2025-06-07T22:05:26.955877,temp01,32.03,°C
2025-06-07T22:05:26.955877,hum01,45.7,%
2025-06-07T22:05:26.956877,press01,982.94,hPa
2025-06-07T22:05:26.957876,light01,40.0,lx
2025-06-07T22:05:27.958207,temp01,31.62,°C
2025-06-07T22:05:27.958207,hum01,45.0,%
2025-06-07T22:05:27.959206,press01,982.95,hPa
2025-06-07T22:05:27.960207,light01,34.0,lx
2025-06-07T22:05:28.961343,temp01,31.96,°C
2025-06-07T22:05:29.464706,hum01,45.0,%
2025-06-07T22:05:29.466704,press01,982.96,hPa
2025-06-07T22:05:29.466704,light01,8.0,lx
